{
  "entityType": "base",
  "fields": {
    "projectName": {
      "type": "link",
      "relation": "belongsTo",
      "entity": "Project"
    },
    "unitType": {
      "type": "enum",
      "options": ["Flat", "Villa", "Plot", "Row House"]
    },
    "unitNo": {
      "type": "varchar",
      "len": 64
    },
    "bhkConfiguration": {
      "type": "enum",
      "options": ["1 BHK", "2 BHK", "3 BHK", "4 BHK"]
    },
    "plotArea": {
      "type": "float"
    },
    "constructionArea": {
      "type": "float"
    },
    "status": {
      "type": "enum",
      "options": ["Available", "Shortlisted", "Hold", "Token", "Booked"],
      "default": "Available"
    },
    "holdExpiryDate": {
      "type": "date"
    },
    "assignedLeadId": {
      "type": "foreignId",
      "foreign": "Lead"
    }
  },
  "links": {
    "shortlistedLeads": {
      "type": "manyMany",
      "entity": "Lead",
      "relationName": "propertyUnitShortlistedLeads"
    },
    "assignedLead": {
      "type": "belongsTo",
      "entity": "Lead",
      "foreignKey": "assignedLeadId"
    },
    "project": {
      "type": "belongsTo",
      "entity": "Project",
      "foreignKey": "projectName"
    }
  },
  "collection": true,
  "recordViews": ["detail", "list"]
}